Id,Author,Date,Url,Title,Text
wggy3n,QuicklyThisWay,"2022/08/05, 06:01:10",https://www.reddit.com/r/dadjokes/comments/wggy3n/what_is_the_most_painful_kind_of_cheese/,What is the most painful kind of cheese?,Ow-cheese
wgjwpy,CheeseGod321,"2022/08/05, 08:20:39",https://www.reddit.com/r/dadjokes/comments/wgjwpy/do_you_know_why_you_cant_set_your_password_to/,"Do you know why you can't set your password to ""beef stew""?", Its not stroganoff.
wg7hpc,Complete_Champion_60,"2022/08/04, 23:16:49",https://www.reddit.com/r/dadjokes/comments/wg7hpc/i_got_into_an_argument_with_my_wife/,I got into an argument with my wife,She says I'm bad with directions. I got so mad that I packed up all my stuff and right.
wgrtvt,GunClutz,"2022/08/05, 15:52:44",https://www.reddit.com/r/dadjokes/comments/wgrtvt/youre_probably_very_familiar_with_the_female/,You're probably very familiar with the female reproductive system,But the male reproductive system has a vast difference (vas deferens)
wgkckt,DiamondChocobos,"2022/08/05, 08:42:11",https://www.reddit.com/r/dadjokes/comments/wgkckt/what_is_the_counteragent_to_formaldehyde/,What is the counteragent to formaldehyde?,Casualdejekyll
wgqx8o,Antifoul_Al,"2022/08/05, 14:59:34",https://www.reddit.com/r/dadjokes/comments/wgqx8o/whos_in_charge_of_the_pencil_case/,Who's in charge of the pencil case?,The ruler.
wgsvcn,Momex17,"2022/08/05, 16:49:48",https://www.reddit.com/r/dadjokes/comments/wgsvcn/why_cant_a_right_triangle_get_a_date/,Why can't a right triangle get a date?,It wasn't acute enough.
wgo4rc,Z-Doctor-E,"2022/08/05, 12:04:21",https://www.reddit.com/r/dadjokes/comments/wgo4rc/im_writing_a_book_on_reverse_psychology/,I’m writing a book on “Reverse Psychology.”,Do not buy it.
wg8fpo,Mild-Jalapeno,"2022/08/04, 23:56:25",https://www.reddit.com/r/dadjokes/comments/wg8fpo/what_in_one_dna_say_to_another_dna/,what in one DNA say to another DNA?,Do these genes make me look fat
wgkh57,vivreaski,"2022/08/05, 08:48:18",https://www.reddit.com/r/dadjokes/comments/wgkh57/where_do_cows_go_in_space/,Where do cows go in space.,"The moooooooooon. 

- my 5 year old. 

I'm so proud. My job here is done."
wgyptt,ramseyyyyyyyy,"2022/08/05, 21:12:50",https://www.reddit.com/r/dadjokes/comments/wgyptt/what_do_you_call_a_wife_who_is_average_in_all/,What do you call a wife who is average in all areas of life?,A midwife
wh96g9,drknockbootsMD,"2022/08/06, 04:40:44",https://www.reddit.com/r/dadjokes/comments/wh96g9/true_story/,True Story,"My wife and I went to the hospital today for our final follow up after she had a miscarriage earlier this week (sad face). The room was full of 2 nurses, 2 interns doing residencies, and our doctor. He told us the good news that we can start trying again as soon as we’re ready. I immediately replied “well can you give us the room or do you want to stick around and watch?” That got a real belly laugh from everyone, including my wife, and broke up a lot of the tension in the room. Just thought I would share this dad (to be) joke"
wh2a3z,owmyfingy,"2022/08/05, 23:41:06",https://www.reddit.com/r/dadjokes/comments/wh2a3z/can_we_stop_with_the_handicap_jokes_please/,Can we stop with the handicap jokes please?,I **can’t stand** them!
whb60i,Pessimist2020,"2022/08/06, 06:15:44",https://www.reddit.com/r/dadjokes/comments/whb60i/im_reading_a_horror_book_in_braille_something_bad/,I’m reading a horror book in Braille. Something bad is going to happen…,I can feel it.
wgz6hz,Osirisis99,"2022/08/05, 21:32:04",https://www.reddit.com/r/dadjokes/comments/wgz6hz/a_sql_query_walks_into_a_bar_walks_up_to_two/,"A SQL query walks into a bar, walks up to two tables and asks",“Can I join you?”
wh4avh,MrInfinitumEnd,"2022/08/06, 01:07:10",https://www.reddit.com/r/dadjokes/comments/wh4avh/i_recently_came_into_a_lot_of_money/,I recently came into a lot of money,that's why I got fired from the bank.
wh2u44,ilikesidehugs,"2022/08/06, 00:04:44",https://www.reddit.com/r/dadjokes/comments/wh2u44/i_cant_get_any_sleep_living_next_to_a_horse_farm/,I can’t get any sleep living next to a horse farm,They’re noisy neigh-bors.
wh1dk6,TGYHJDFGH,"2022/08/05, 23:03:41",https://www.reddit.com/r/dadjokes/comments/wh1dk6/what_country_has_abundant_food_supply/,What country has abundant food supply?,Turkey
wgu7th,HugoZHackenbush2,"2022/08/05, 17:57:58",https://www.reddit.com/r/dadjokes/comments/wgu7th/i_went_for_a_walk_on_the_street_last_night_and_i/,"I went for a walk on the street last night, and I passed an apple pie, an ice cream sundae and a lemon cheesecake..","I thought to myself.. 


  ""Hmm, the streets are strangely desserted"".."
wgq1mj,NikonDexter,"2022/08/05, 14:05:10",https://www.reddit.com/r/dadjokes/comments/wgq1mj/my_doctor_told_me_im_going_deaf/,My doctor told me I’m going deaf,The news was hard for me to hear.
wgv79e,SolWishing12,"2022/08/05, 18:44:03",https://www.reddit.com/r/dadjokes/comments/wgv79e/the_circle_has_the_most_wellrounded_education/,The circle has the most well-rounded education.,It has 360 degrees.
wgrjhb,VERBERD,"2022/08/05, 15:36:16",https://www.reddit.com/r/dadjokes/comments/wgrjhb/my_blind_date_tonight_is_6ft_6inches/,My blind date tonight is 6ft 6inches.,Can't wait 2metre.
wgljht,exp_explosion,"2022/08/05, 09:41:24",https://www.reddit.com/r/dadjokes/comments/wgljht/my_wife_told_me_to_stop_making_mushroom_puns/,My wife told me to stop making mushroom puns.,"I said: ""Come on! I'm just trying to boost Morrell."""
wgvmij,Your_royalshyness,"2022/08/05, 19:03:53",https://www.reddit.com/r/dadjokes/comments/wgvmij/what_do_you_call_a_laughing_motorcycle/,What do you call a laughing motorcycle,A yamahahahaha
wh7e6t,DatabaseSolid,"2022/08/06, 03:20:01",https://www.reddit.com/r/dadjokes/comments/wh7e6t/my_wife_keeps_calling_me_immature_so_now_every/,"My wife keeps calling me immature. So now, every time she says that, I just tell her….",to get out of my fort! It’s Boys Only!
wgweul,Leading-Finger7634,"2022/08/05, 19:37:46",https://www.reddit.com/r/dadjokes/comments/wgweul/have_you_heard_about_this_new_restaurant_called/,Have you heard about this new restaurant called Karma?,No menu. You get what you deserve.
wh70zv,HornyPepsiCan,"2022/08/06, 03:04:03",https://www.reddit.com/r/dadjokes/comments/wh70zv/what_do_you_call_a_small_house_in_scotland/,What do you call a small house in Scotland.,A scottage.
wgy6um,mrjackstell,"2022/08/05, 20:51:06",https://www.reddit.com/r/dadjokes/comments/wgy6um/what_was_left_after_the_cheese_factory_exploded/,What was left after the cheese factory exploded?,Da brie
wh0lto,GodHatesTikTok,"2022/08/05, 22:31:33",https://www.reddit.com/r/dadjokes/comments/wh0lto/how_did_jesus_stay_so_healthy/,How did Jesus stay so healthy?,Cross-fit
wgmgi3,Unknownx2977,"2022/08/05, 10:30:09",https://www.reddit.com/r/dadjokes/comments/wgmgi3/hey_bro_can_you_hand_me_that_pamphlet/,"Hey bro, can you hand me that pamphlet?",**Brochure**
wh4v2z,BigBoyBarm,"2022/08/06, 01:31:14",https://www.reddit.com/r/dadjokes/comments/wh4v2z/i_know_bruce_lee_has_a_vegan_brother_brocco_lee/,"I know Bruce Lee has a vegan brother Brocco Lee, But...","I was surprised by his other brother. 

Sudden Lee"
wh2xq0,Creepnpeeps,"2022/08/06, 00:09:10",https://www.reddit.com/r/dadjokes/comments/wh2xq0/its_stressful_being_a_calculator/,"It’s stressful, being a calculator",Everyone’s always counting on you
whcyxl,BrandroidBlue,"2022/08/06, 07:46:43",https://www.reddit.com/r/dadjokes/comments/whcyxl/i_accidentally_ate_four_leaf_clovers/,I accidentally ate four leaf clovers.,Now my luck's turned to shit.
whbo9u,FAHQRudy,"2022/08/06, 06:40:52",https://www.reddit.com/r/dadjokes/comments/whbo9u/what_do_you_call_a_flying_mermaid/,What do you call a flying mermaid?,Aerial.
wgv1df,Crossingtherubicon12,"2022/08/05, 18:37:20",https://www.reddit.com/r/dadjokes/comments/wgv1df/what_do_you_call_an_old_spanish_man_who_lives_on/,What do you call an old Spanish man who lives on a boat in the middle of the ocean?,Sea Senior
whaenp,Extempo,"2022/08/06, 05:38:32",https://www.reddit.com/r/dadjokes/comments/whaenp/so_i_went_to_buy_a_dozen_honeybees_and_at/,So I went to buy a dozen honeybees and at checkout realized they had given me too many,"""Don't worry about it, sir. That one's a freebee."""
wh97bs,merkidemis,"2022/08/06, 04:41:51",https://www.reddit.com/r/dadjokes/comments/wh97bs/what_would_you_call_it_if_nascar_ran_their_races/,What would you call it if NASCAR ran their races in the opposite direction?,Alright alright alright.
wh1jls,DisasterNo9394,"2022/08/05, 23:10:47",https://www.reddit.com/r/dadjokes/comments/wh1jls/when_people_are_sad_i_let_them_color_in_my_tattoos/,"When people are sad, I let them color in my tattoos",Sometimes all they need is a shoulder to crayon
wgskx4,porichoygupto,"2022/08/05, 16:34:18",https://www.reddit.com/r/dadjokes/comments/wgskx4/a_few_months_ago_my_wife_decided_to_put_a/,"A few months ago, my wife decided to put a miniature Stallone doll on the middle of our bed.",Things have been Rocky between us ever since then.
wh93gb,ethulwulfe,"2022/08/06, 04:36:51",https://www.reddit.com/r/dadjokes/comments/wh93gb/what_do_you_call_10_rabbits_in_single_file/,What do you call 10 rabbits in single file walking backwards?,A receding hare line.
wh3p2a,k_woz1978,"2022/08/06, 00:41:12",https://www.reddit.com/r/dadjokes/comments/wh3p2a/if_a_serial_killer_is_chasing_you/,If a serial killer is chasing you......,you're both running for your life.
whehid,MaggieMcB,"2022/08/06, 09:07:09",https://www.reddit.com/r/dadjokes/comments/whehid/my_wife_why_dont_you_stop_telling_terrible_dad/,My wife: Why don’t you stop telling terrible dad jokes and write a book instead’,"Me ‘Oh, that’s a novel idea"
wh4p1b,paulvs88,"2022/08/06, 01:24:14",https://www.reddit.com/r/dadjokes/comments/wh4p1b/what_is_so_great_about_that_whiteboard/,What is so great about that whiteboard?,It's remarkable.
wgmr0t,DatabaseSolid,"2022/08/05, 10:45:32",https://www.reddit.com/r/dadjokes/comments/wgmr0t/these_lax_bail_laws_are_making_criminals_more/,These lax bail laws are making criminals more bold and dangerous! Last week one of these guys even stole the toilets at the local precinct.,Right now the police have nothing to go on.
wh43qm,YZXFILE,"2022/08/06, 00:58:39",https://www.reddit.com/r/dadjokes/comments/wh43qm/my_dad_drives_so_slow_that_when_were_on_the/,"My dad drives so slow that when we’re on the highway,", Amish people give us the finger.
wgo7rv,Appropriate-Horse-80,"2022/08/05, 12:09:32",https://www.reddit.com/r/dadjokes/comments/wgo7rv/why_can_you_never_hear_pterodactyls_use_the/,Why can you never hear pterodactyls use the bathroom?,"... Because the ""p"" is silent"
wh35gg,Ilyathe2nd,"2022/08/06, 00:18:26",https://www.reddit.com/r/dadjokes/comments/wh35gg/interviewer_where_do_you_see_yourself_in_5_years/,Interviewer: Where do you see yourself in 5 years?,"Same as now. Windows, mirrors, other reflective surfaces like that."
whd1kc,wimpykidfan37,"2022/08/06, 07:50:38",https://www.reddit.com/r/dadjokes/comments/whd1kc/conjunctivitiscom/,Conjunctivitis.com,That's a site for sore eyes.
wh0dvl,Uvalde-Cop,"2022/08/05, 22:22:40",https://www.reddit.com/r/dadjokes/comments/wh0dvl/i_love_carbonated_drinks_but_i_really_hate_having/,I love carbonated drinks. But I really hate having to crush the empty cans afterward.,It's soda pressing!
wgt9r3,Flat_Turn2530,"2022/08/05, 17:11:04",https://www.reddit.com/r/dadjokes/comments/wgt9r3/where_do_sheep_like_to_go_on_vacation/,Where do sheep like to go on vacation?,The Baa-hamas.
y5gxno,porichoygupto,"2022/10/16, 19:02:25",https://www.reddit.com/r/dadjokes/comments/y5gxno/when_i_was_younger_everyone_had_a_wristwatch/,"When I was younger, everyone had a wristwatch. Nowadays, almost no one wears one.",How times have changed.
y5yhnt,jjking714,"2022/10/17, 07:32:42",https://www.reddit.com/r/dadjokes/comments/y5yhnt/if_r2_is_short_for_r2d2_chewie_is_short_for/,"If R2 is short for R2-D2, Chewie is short for Chewbacca, and Ani is short for Anakin, what's Luke short for?",A stormtrooper.
y5hr3o,meanietemp,"2022/10/16, 19:39:53",https://www.reddit.com/r/dadjokes/comments/y5hr3o/my_buddy_david_lost_his_id/,My buddy David lost his ID,Now we just call him Dave.
y5if8j,ElvisT,"2022/10/16, 20:08:59",https://www.reddit.com/r/dadjokes/comments/y5if8j/whats_the_least_spoken_language_in_the_world/,What’s the least spoken language in the world?,Sign language.
y5spob,throwawayreddit73,"2022/10/17, 03:09:21",https://www.reddit.com/r/dadjokes/comments/y5spob/i_had_to_end_my_relationship_with_my_cross_eyed/,I had to end my relationship with my cross eyed girlfriend last night.,I thought she was seeing someone else.
y5h20x,edwardfingerhands,"2022/10/16, 19:08:06",https://www.reddit.com/r/dadjokes/comments/y5h20x/did_you_hear_about_the_hippy_who_loved_nature_so/,Did you hear about the hippy who loved nature so much he married a river?,Mrs Hippy
y5wc04,dryfrooot,"2022/10/17, 05:50:02",https://www.reddit.com/r/dadjokes/comments/y5wc04/as_a_kid_my_brother_and_i_would_pretend_to_be/,"As a kid, my brother and I would pretend to be appliances around the house..",I was a big fan
y5nz7j,Halsenberg19239,"2022/10/16, 23:56:34",https://www.reddit.com/r/dadjokes/comments/y5nz7j/i_was_arrested_today_in_the_library_for_assault/,I was arrested today in the library for assault.,I guess they caught me hitting the books.
y5lrw0,raktoe,"2022/10/16, 22:27:27",https://www.reddit.com/r/dadjokes/comments/y5lrw0/i_made_a_dad_joke_in_my_dream/,I made a dad joke in my dream…,"I had a dream the other night where I got myself and some buddies good tickets, in row B to a baseball game. So we’re making our way to the seats, but we can see that the bottom two rows of seats are completely submerged in water. The game is still going on as normal, but we have to take it in from the stairs. I looked at my buddies and said “Boys I’m sorry, this isn’t what I had in mind when I bought seats below C level”."
y5xed2,WorkingApprehensive5,"2022/10/17, 06:40:02",https://www.reddit.com/r/dadjokes/comments/y5xed2/dad_im_having_a_divorce_with_your_mother/,Dad: I’m having a divorce with your mother,"Son: Hi having a divorce with your mother, I’m son

Dad: No you’re not, that’s why we’re having a divorce."
y5njc3,warsht,"2022/10/16, 23:39:16",https://www.reddit.com/r/dadjokes/comments/y5njc3/what_cheese_is_made_backwards/,What cheese is made backwards?,Edam
y5fjr9,weirdgroovynerd,"2022/10/16, 17:54:02",https://www.reddit.com/r/dadjokes/comments/y5fjr9/freud_was_pretty_weird_about_the_whole_halloween/,Freud was pretty weird about the whole Halloween experience.,I attribute that to his mummy issues.
y5iso8,Bigdaddy0413,"2022/10/16, 20:25:04",https://www.reddit.com/r/dadjokes/comments/y5iso8/did_you_hear/,Did you hear?,They aren’t making 12 inch rulers any longer..
y5vvrk,king-rings,"2022/10/17, 05:29:32",https://www.reddit.com/r/dadjokes/comments/y5vvrk/which_is_faster_hot_or_cold/,"Which is faster, hot or cold?","Hot is much faster, you can catch cold."
y5tko0,BanginDrumsNMums,"2022/10/17, 03:46:02",https://www.reddit.com/r/dadjokes/comments/y5tko0/the_worst_pub_ive_ever_been_to_was_called_the/,The worst pub I've ever been to was called The Fiddle...,It was a vile inn.
y5scr5,kevindavis338,"2022/10/17, 02:54:28",https://www.reddit.com/r/dadjokes/comments/y5scr5/what_did_the_fish_say_when_he_swam_into_the_wall/,What did the fish say when he swam into the wall?,Dam
y5ns1r,kevindavis338,"2022/10/16, 23:48:49",https://www.reddit.com/r/dadjokes/comments/y5ns1r/what_do_you_call_a_dinosaur_wearing_a_cowboy_hat/,What do you call a dinosaur wearing a cowboy hat and boots?, Tyrannosaurus Tex!
y5vwru,king-rings,"2022/10/17, 05:30:30",https://www.reddit.com/r/dadjokes/comments/y5vwru/what_do_you_get_if_you_goose_a_ghost/,What do you get if you goose a ghost?,A hand full of sheet.
y5skt0,Ok_Presence36,"2022/10/17, 03:03:34",https://www.reddit.com/r/dadjokes/comments/y5skt0/you_know_why_norway_put_barcodes_on_their/,You know why Norway put barcodes on their military ships?,So they can Scandinavian.
y5sjg7,Ok_Presence36,"2022/10/17, 03:02:01",https://www.reddit.com/r/dadjokes/comments/y5sjg7/my_friend_asked_me_what_my_plans_were_for_today/,My friend asked me what my plans were for today,"I told him I’m gonna go buy some glasses, and then I’ll see."
y5pu3u,LanMark7,"2022/10/17, 01:11:54",https://www.reddit.com/r/dadjokes/comments/y5pu3u/do_you_know_why_they_use_linux_on_the_space/,Do you know why they use Linux on the space station?,Because opening windows is a really bad idea in space.
y5kwvz,kevindavis338,"2022/10/16, 21:51:56",https://www.reddit.com/r/dadjokes/comments/y5kwvz/why_shouldnt_you_trust_artists/,Why shouldn’t you trust artists?, Because they’re sketchy
y5zjfj,killerdefense,"2022/10/17, 08:24:06",https://www.reddit.com/r/dadjokes/comments/y5zjfj/my_aunt_was_an_elementary_school_math_teacher/,My aunt was an elementary school math teacher.,She always wanted to make the little things count.
y5qiv6,AuHatchling,"2022/10/17, 01:39:52",https://www.reddit.com/r/dadjokes/comments/y5qiv6/why_dont_monsters_eat_ghosts/,Why don't monsters eat ghosts?,Because they taste like SHEET.
y5xjni,angstlicheameise,"2022/10/17, 06:46:57",https://www.reddit.com/r/dadjokes/comments/y5xjni/whats_a_fork_lift/,What's a fork lift?,"Food, if used correctly."
y5qb4m,TimmyTurner_007,"2022/10/17, 01:31:22",https://www.reddit.com/r/dadjokes/comments/y5qb4m/what_do_you_call_a_ship_with_jokes/,What do you call a ship with jokes?,Ferry funny
y5kiw7,FallofTheKnight,"2022/10/16, 21:36:01",https://www.reddit.com/r/dadjokes/comments/y5kiw7/my_friend_recently_decided_to_become_a_priest/,My friend recently decided to become a priest,I guess you could say he's living on a prayer
y61zpt,Dastari,"2022/10/17, 10:30:25",https://www.reddit.com/r/dadjokes/comments/y61zpt/what_was_the_name_of_the_puppeteers_wife/,What was the name of the puppeteer's wife?," Annette.

Ever since he was a child, he always wanted to marionette"
y5nyk8,AnimatorNr1,"2022/10/16, 23:55:51",https://www.reddit.com/r/dadjokes/comments/y5nyk8/i_once_got_fired_from_a_canned_juice_factory/,I once got fired from a canned juice factory..,Apparently I couldn’t concentrate.
y60l5w,No_Gray_Area,"2022/10/17, 09:16:39",https://www.reddit.com/r/dadjokes/comments/y60l5w/why_cant_you_trust_zombies/,Why can't you trust zombies?,"Because they're rotten people. 

It's a no-brainer really."
y5ohnk,litig8tor,"2022/10/17, 00:17:01",https://www.reddit.com/r/dadjokes/comments/y5ohnk/why_did_the_skeletons_go_to_the_beach/,Why did the skeletons go to the beach?,To collect some muscles.
y60m5f,Loki4089,"2022/10/17, 09:18:08",https://www.reddit.com/r/dadjokes/comments/y60m5f/its_a_misconception_that_french_fries_came_from/,It’s a misconception that French fries came from France,They really came out of grease
y5vup2,balrus-balrogwalrus,"2022/10/17, 05:28:06",https://www.reddit.com/r/dadjokes/comments/y5vup2/what_is_an_apes_favorite_wine/,What is an ape's favorite wine?,Chimpagne.
y5zcaa,JoeKing4Real,"2022/10/17, 08:14:09",https://www.reddit.com/r/dadjokes/comments/y5zcaa/genie_whats_your_first_wish/,"Genie: ""What's your first wish?""","Steve: ""I wish I was rich.”

Genie: ""What's your second wish,
Rich?"""
y62a2o,IllDesk2915,"2022/10/17, 10:46:17",https://www.reddit.com/r/dadjokes/comments/y62a2o/id_like_to_give_a_shout_out_to_all_male_strippers/,I'd like to give a shout out to all male strippers,They are always working hard
y5v2ic,FallofTheKnight,"2022/10/17, 04:51:34",https://www.reddit.com/r/dadjokes/comments/y5v2ic/what_is_a_horses_favorite_thing_to_wear/,What is a horse's favorite thing to wear?,Ranch dressing
y5u7a1,pasta_paver,"2022/10/17, 04:13:21",https://www.reddit.com/r/dadjokes/comments/y5u7a1/came_home_today_to_find_my_kids_on_ebay/,Came home today to find my kids on eBay…,If they’re still there tomorrow I’ll lower the price.
y5pk4a,Orbs717,"2022/10/17, 01:00:17",https://www.reddit.com/r/dadjokes/comments/y5pk4a/my_wife_was_upset_that_our_baby_was_trying_to_eat/,My wife was upset that our baby was trying to eat a book,"I told her, “He’s just hungry for knowledge.”"
y5nexj,dryfrooot,"2022/10/16, 23:34:16",https://www.reddit.com/r/dadjokes/comments/y5nexj/i_feel_like_most_couches_are_underrated/,I feel like most couches are underrated,I know some that have been slept on for years.
y5mgd8,billwashere,"2022/10/16, 22:55:14",https://www.reddit.com/r/dadjokes/comments/y5mgd8/why_are_north_koreans_so_bad_at_rhythm_and_blues/,Why are North Koreans so bad at rhythm and blues?,Because they ain’t got no Seoul.
y66c9u,ben2talk,"2022/10/17, 14:52:56",https://www.reddit.com/r/dadjokes/comments/y66c9u/click_here_to_see_the_unwritten_rules_of_reddit/,Click here to see the unwritten rules of Reddit jokes:,"1. &#x200B;
2. &#x200B;
3. &#x200B;
4. &#x200B;
5. &#x200B;"
y68sov,porichoygupto,"2022/10/17, 17:06:21",https://www.reddit.com/r/dadjokes/comments/y68sov/i_asked_my_friend_why_he_keeps_stealing_the_same/,I asked my friend why he keeps stealing the same board game from toy stores.,"He said, ‘Life is all about taking Risks’."
y64kv6,CraterHaterX,"2022/10/17, 13:03:00",https://www.reddit.com/r/dadjokes/comments/y64kv6/what_cheese_surrounds_castles/,What cheese surrounds castles?,Moatzarella.
y642xf,FallofTheKnight,"2022/10/17, 12:32:06",https://www.reddit.com/r/dadjokes/comments/y642xf/yesterday_i_went_to_go_see_a_midsummer_nights/,"Yesterday, I went to go see “A midsummer night’s dream” at my local theater",It had quite an imp-act
y606qu,IpomeaBatatas,"2022/10/17, 08:55:59",https://www.reddit.com/r/dadjokes/comments/y606qu/what_goes_in_between_fear_and_sex/,What goes in between fear and sex?,"Foonf!

It's German."
y5tvzh,FallofTheKnight,"2022/10/17, 03:59:59",https://www.reddit.com/r/dadjokes/comments/y5tvzh/as_i_was_walking_home_from_work_i_dropped_my/,"As I was walking home from work, I dropped my magazine","When I picked it up, I saw a crinkle in Time"
y5q6io,Foggy_Prophet,"2022/10/17, 01:26:25",https://www.reddit.com/r/dadjokes/comments/y5q6io/the_guy_making_my_burrito_for_lunch_today_was/,The guy making my burrito for lunch today was taking too long.,"So I said, ""Hey man, let's wrap this up."""
y5kxps,FallofTheKnight,"2022/10/16, 21:52:52",https://www.reddit.com/r/dadjokes/comments/y5kxps/my_garden_is_constantly_being_raided_by_wild/,"My garden is constantly being raided by wild rabbits, so I buy some pumpkin, squash, and melons","Hopefully, they'll act as bodygourds and protect my other vegetables"
y5k1al,onesleepyghost,"2022/10/16, 21:16:10",https://www.reddit.com/r/dadjokes/comments/y5k1al/what_do_you_call_a_fireman_attending_a_fancy_event/,What do you call a fireman attending a fancy event?,An extinguished gentleman
y66r1u,Snafu-,"2022/10/17, 15:18:44",https://www.reddit.com/r/dadjokes/comments/y66r1u/my_clothes_didnt_fit_after_visiting_the/,My clothes didnt fit after visiting the psychologist,They shrinked
y69tv2,ngairejasminbarrett,"2022/10/17, 17:53:45",https://www.reddit.com/r/dadjokes/comments/y69tv2/i_wasnt_able_to_make_a_reservation_at_the_library/,I wasn’t able to make a reservation at the library.,They’re completely booked.
y6ao24,VERBERD,"2022/10/17, 18:30:22",https://www.reddit.com/r/dadjokes/comments/y6ao24/covid_hiv_and_the_flue_walks_into_a_bar/,"Covid, H.I.V. and the Flue, walks into a bar....","Bartender says, ""What is this, some kind of sick joke?"""
y68852,Adventurous_Judge493,"2022/10/17, 16:39:09",https://www.reddit.com/r/dadjokes/comments/y68852/why_do_christians_love_swiss_cheese_so_much/,Why do Christians love Swiss cheese so much?,Because it’s the most hole-y cheese.
y669n0,justnotherdude,"2022/10/17, 14:48:14",https://www.reddit.com/r/dadjokes/comments/y669n0/do_you_know_what_really_gets_my_goat/,Do you know what really gets my goat?,El Chupacabra.
y6b45j,Btt3r_blu3,"2022/10/17, 18:49:57",https://www.reddit.com/r/dadjokes/comments/y6b45j/got_fired_from_my_job_at_the_bank_today/,Got fired from my job at the bank today....,"A woman asked me to check her balance, so I pushed her over."
y67gxv,professorf,"2022/10/17, 15:59:03",https://www.reddit.com/r/dadjokes/comments/y67gxv/my_friends_got_me_dirt_for_my_birthday_but_i/,"My friends got me dirt for my birthday, but I wasn't mad.",I appreciated the sediment.
y5y9y1,RizzyJ10,"2022/10/17, 07:22:34",https://www.reddit.com/r/dadjokes/comments/y5y9y1/i_had_a_food_baby_and_i_named_him_tommy/,I had a food baby and I named him Tommy,Because my Tommy hurt
y5q6bf,EdifyingOrifice,"2022/10/17, 01:26:11",https://www.reddit.com/r/dadjokes/comments/y5q6bf/what_happens_when_you_wear_a_snowsuit_indoors/,what happens when you wear a snowsuit indoors?,It melts.
y64skv,FallofTheKnight,"2022/10/17, 13:16:35",https://www.reddit.com/r/dadjokes/comments/y64skv/what_would_be_the_coolest_part_of_a_star_wars/,What would be the coolest part of a Star Wars Star Trek crossover?,The millennium vulcan
y63n4c,FallofTheKnight,"2022/10/17, 12:05:53",https://www.reddit.com/r/dadjokes/comments/y63n4c/what_do_bananas_sleep_on_at_night/,What do bananas sleep on at night?,A peel-ow
y5weuz,leatherneck0629,"2022/10/17, 05:53:42",https://www.reddit.com/r/dadjokes/comments/y5weuz/how_much_does_corn_cost_in_tampa_bay/,How much does corn cost in Tampa Bay?,A Buccaneer
y5uf9r,ButtahChicken,"2022/10/17, 04:23:06",https://www.reddit.com/r/dadjokes/comments/y5uf9r/jesus_preached_healed_the_sick_and_even_taught/,"Jesus preached, healed the sick and even taught Chinese cooking from his boat on the Sea of Galilee.",Huge crowds gathered to see him wok on water.
y5tq0g,JoelBoyens,"2022/10/17, 03:52:29",https://www.reddit.com/r/dadjokes/comments/y5tq0g/i_found_the_image_of_jesus_on_the_edge_of_a_piece/,I found the image of Jesus on the edge of a piece of bread.,You could say it's Jesus Crust.
y5qzb7,dryfrooot,"2022/10/17, 01:58:19",https://www.reddit.com/r/dadjokes/comments/y5qzb7/ive_never_been_to_greece_iceland_or_nondairy/,"I've never been to Greece, Iceland, or non-dairy.",But I love their cultures.
y5p37u,Dat-Boi-Dan,"2022/10/17, 00:41:16",https://www.reddit.com/r/dadjokes/comments/y5p37u/i_tried_to_adopt_a_red_fox_from_a_local_zoo_and/,"I tried to adopt a Red Fox from a local zoo, and they threw me to the curb like they didn’t care…",…No fox given
y5mzb7,miserable_guyy,"2022/10/16, 23:17:01",https://www.reddit.com/r/dadjokes/comments/y5mzb7/whats_the_time_when_an_elephant_sits_on_your_bed/,what's the time when an elephant sits on your bed?,Time for a new bed
y5mxtt,DatGamerAgain_YT,"2022/10/16, 23:15:21",https://www.reddit.com/r/dadjokes/comments/y5mxtt/why_was_the_wool_running_away/,Why was the wool running away?,It was on the lamb.
y6bf1n,wackpie,"2022/10/17, 19:03:05",https://www.reddit.com/r/dadjokes/comments/y6bf1n/while_visiting_colombia_i_was_stuck_in_the/,"While visiting Colombia, I was stuck in the country for a while after some children stole my passport...",I could have gotten away if it weren't for those Medellín kids!
y6bct6,MaCk_Pinto,"2022/10/17, 19:00:20",https://www.reddit.com/r/dadjokes/comments/y6bct6/since_halloween_is_drawing_nearer_and_nearer_i/,"Since Halloween is drawing nearer and nearer I decided, let me put out a Halloween joke. So here y’all go fellas What happens if you combine a vampire and a snowman?",You get frostbite.
y69twf,IceTwenty,"2022/10/17, 17:53:49",https://www.reddit.com/r/dadjokes/comments/y69twf/i_got_a_job_at_a_farm_taking_care_of_four_donkeys/,"I got a job at a farm taking care of four donkeys, but then two ran away.",Now all my work is half-assed.
