y5weuz,leatherneck0629,"2022/10/17, 05:53:42",https://www.reddit.com/r/dadjokes/comments/y5weuz/how_much_does_corn_cost_in_tampa_bay/,How much does corn cost in Tampa Bay?,A Buccaneer
y5uf9r,ButtahChicken,"2022/10/17, 04:23:06",https://www.reddit.com/r/dadjokes/comments/y5uf9r/jesus_preached_healed_the_sick_and_even_taught/,"Jesus preached, healed the sick and even taught Chinese cooking from his boat on the Sea of Galilee.",Huge crowds gathered to see him wok on water.
y5tq0g,JoelBoyens,"2022/10/17, 03:52:29",https://www.reddit.com/r/dadjokes/comments/y5tq0g/i_found_the_image_of_jesus_on_the_edge_of_a_piece/,I found the image of Jesus on the edge of a piece of bread.,You could say it's Jesus Crust.
y5qzb7,dryfrooot,"2022/10/17, 01:58:19",https://www.reddit.com/r/dadjokes/comments/y5qzb7/ive_never_been_to_greece_iceland_or_nondairy/,"I've never been to Greece, Iceland, or non-dairy.",But I love their cultures.
y5p37u,Dat-Boi-Dan,"2022/10/17, 00:41:16",https://www.reddit.com/r/dadjokes/comments/y5p37u/i_tried_to_adopt_a_red_fox_from_a_local_zoo_and/,"I tried to adopt a Red Fox from a local zoo, and they threw me to the curb like they didn’t care…",…No fox given
y5mzb7,miserable_guyy,"2022/10/16, 23:17:01",https://www.reddit.com/r/dadjokes/comments/y5mzb7/whats_the_time_when_an_elephant_sits_on_your_bed/,what's the time when an elephant sits on your bed?,Time for a new bed
y5mxtt,DatGamerAgain_YT,"2022/10/16, 23:15:21",https://www.reddit.com/r/dadjokes/comments/y5mxtt/why_was_the_wool_running_away/,Why was the wool running away?,It was on the lamb.
y6bf1n,wackpie,"2022/10/17, 19:03:05",https://www.reddit.com/r/dadjokes/comments/y6bf1n/while_visiting_colombia_i_was_stuck_in_the/,"While visiting Colombia, I was stuck in the country for a while after some children stole my passport...",I could have gotten away if it weren't for those Medellín kids!
y6bct6,MaCk_Pinto,"2022/10/17, 19:00:20",https://www.reddit.com/r/dadjokes/comments/y6bct6/since_halloween_is_drawing_nearer_and_nearer_i/,"Since Halloween is drawing nearer and nearer I decided, let me put out a Halloween joke. So here y’all go fellas What happens if you combine a vampire and a snowman?",You get frostbite.
y69twf,IceTwenty,"2022/10/17, 17:53:49",https://www.reddit.com/r/dadjokes/comments/y69twf/i_got_a_job_at_a_farm_taking_care_of_four_donkeys/,"I got a job at a farm taking care of four donkeys, but then two ran away.",Now all my work is half-assed.
